Name;Title;Publication;Year;G_title;Comment;Meter;Regularity;Rhyme;Type;path
-въ;Звезда, звезда;Цинтия на 1832. М., 1831. С. 132-133;1831;Песня;NA;Я21мд;reg;unrhymed;core;corpus_split//1_v_1832_utf8.txt
???;Что ты, конь-донец лихой;Литературная газета № 13, февраля 14, 1840 С. 298;1840;Конь;NA;Х4ммжмжм;unreg;rhymed;core;corpus_split//2_bp_1840_utf8.txt
???;Ты почем, сердечко;Литературная газета № 61, 31 июля. С. 1365;1840;К сердечку;NA;Х3ж;unreg, сбои, сверхсхемные, амф;occ;core;corpus_split//3_bp_1840_utf8.txt
<Одоевский, А.И>;Как носятся тучи за ветром осенним;Одоевский, А.И. Полное собрание стихотворений князя А.И. Одоевского. СПб., 1883. С. 92;1831;К ***;NA;Аф3;reg;unrhymed;core;corpus_split//4_odoevsky_1831_utf8.txt
N.N.;Ах, знаю я, красавица;Лит.прибав. Рус. Инвалид. 1833, № 20, март 11, С. 159;1833;Русская песня;NA;Я3дм;unreg, cбивается на Я4м в Я3д;rhymed;core;corpus_split//5_NN_1833_utf8.txt
А.Д.;Ветер бурный воет в поле;Вестн. Европы. - 1825. - Май и июнь, N 11. - С.218-219.;1824;Песня;NA;Х223ж;reg;unrhymed;core;corpus_split//6_AD_1824_utf8.txt
Авдуловский;Ляжу я засну;Литературная газета М., 1847. № 16, 16 апреля. С. 254-255;1847;Ляжу я засну;мы получили из Воронежа девять стихотворений от г-на Авдуловского… представим самим читателям сделать заключение о достоинстве этих стихотворений, подобных которым немного на русском языке;Пс;reg;unrhymed;core;corpus_split//7_avdulovsky_1847_utf8.txt
Ал. Бистром;Ласточка летит из-за моря;Лит.прибав. Рус. Инвалид. 1835, № 21, март 13,, С. 167;1835;Песня;NA;Х4д;reg;unrhymed;core;corpus_split//8_bistrom_1835_utf8.txt
Ал. Бистром;В воскресный день все девушки;Календарь муз на 1826 г. СПб., 1826. Стихи. С. 110-111;1826;Песня;NA;Я3дм;reg;occ;core;corpus_split//9_bistrom_1826_utf8.txt
Аладьин, Е.В.;Ах не ветры не осенние;Аладьин, Е.В. Мои досуги. СПб., 1824.;1824;Песня;NA;х4д;reg;occ;core;corpus_split//10_aladyin_1824_utf8.txt
Алипанов;Дуня милая сидела под окном;Стихотворения крестьянина Егора Алипанова. СПб., 1830. С. 23-25;1830;NA;NA;Х6м;reg;rhymed;core;corpus_split//11_alipanov_1830_utf8.txt
Алипанов;Соскучилось Машеньке;Стихотворения крестьянина Егора Алипанова. СПб., 1830. С. 133-1345;1830;Сельская песня;NA;Аф2дм;reg;rhymed;core;corpus_split//16_alipanov_1830_utf8.txt
Алипанов;Над быстрою реченькой;Алипанов, Е.В. Ханский чай. СПб., 1835. С. 11;1835;NA;NA;Аф2дм;reg;rhymed;core;corpus_split//17_alipanov_1835_utf8.txt
Асконченский, В.;Не ходи за старого;Асконченский, В.И. Стихотворения В. Аскоченского. Киев, 1846. С. 102-104;1839;Выбор жениха;NA;Х3дм;reg;rhymed;core;corpus_split//20_askonchensky_1839_utf8.txt
Асконченский, В.;Вишь как рвет как гудит;Асконченский, В.И. Стихотворения В. Аскоченского. Киев, 1846. С. 105-107;1840;Вьюга;NA;Ан2мАн1д;reg;unrhymed;core;corpus_split//21_askonchensky_1840_utf8.txt
Асконченский, В.;Не ходи ко мне;Асконченский, В.И. Стихотворения В. Аскоченского. Киев, 1846. С. 130-133;1843;Русская песня;NA;Пс;unreg, + Ан2м;unrhymed;core;corpus_split//22_askonchensky_1843_utf8.txt
Асконченский, В.;Эх зачем же ты;Асконченский, В.И. Стихотворения В. Аскоченского. Киев, 1846. С. 136-139;1837;Жалоба;NA;Пс;unreg, + Ан2м;unrhymed;core;corpus_split//23_askonchensky_1837_utf8.txt
Асконченский, В.;Что задумался;Асконченский, В.И. Стихотворения В. Аскоченского. Киев, 1846. С. 144-147;1846;Кручина;NA;Пс, Х3ж;reg;occ;core;corpus_split//24_askonchenksy_1846_utf8.txt
Б/П;Настенька в пятнадцать лет;Весенние цветы, подарок для светлого праздника на 1830 г. М., 1830. С. 146-148;1830;Русская песня (на голос: Как у нас было на улице);С. 150-151. Григорий Поликарпович Бубнов, молодой семнадцатилетний  крестьянин, обещает в себе талант к стихотворению. Надеемся, что публике приятно будет узнать, что к именам Слепушкина, Суханова, Борисова присоединится еще одно имя - самоучки Бубнова;Х4м;reg;rhymed;core;corpus_split//28_bp_1830_utf8.txt
Б/П;Где ты звездочка;Эрато, приношение прекрасному полу. М. 1829 г. (тип. Н. Степанова) C. 110-111. ц.р. 1828 мая 18 дня;1828;NA;СМ. БУШМАКИН АХ ТЫ ТУЧА;Пс;reg;unrhymed;core;corpus_split//30_bp_1828_utf8.txt
Бахтурин, К.А.;Не леса шумят не погодушка;Поэты 1820-1830-х гг. Л., 1972. Т.2. С.353-354.;1836;Хор разбойников (из драмы козьма рощин, рязанский разбойник);NA;Пс2 + Пс + Ан4  + Пс;unreg;rhymed;core;corpus_split//31_bakhturin_1836_utf8.txt
Бахтурин, К.А.;Аль опять не видать;Поэты 1820-1830-х гг. Л., 1972. Т.2. С.359-360.;1840;Песнь ямщика;См. отзыв ОЗ 1841, № 3, с. 13;Ан1м + Х3ж;reg;rhymed;core;corpus_split//32_bakhturin_1840_utf8.txt
Башмакин, Н.;Голубочек, что воркуешь;Славянин. 1827. Ч. 1. № 9, С. 140.;1827;Песня, УД;NA;Х4мж;reg;rhymed;core;corpus_split//34_bashmakin_1827_utf8.txt
Башмаков, И.И.;Что ты белый крепкий лен мой;Ваненко, И. Звездочка. М., 1842. С. 63-64;1842;Цикл русские песни;NA;Х42жд;reg;unrhymed;core;corpus_split//35_bashmakov_1842_utf8.txt
Башмаков, И.И.;Скучно мне подруженьки;Ваненко, И. Звездочка. М., 1842. С. 81-82;1842;Цикл русские песни;NA;Х3д;reg;occ;core;corpus_split//36_bashmakov_1842_utf8.txt
Башмаков, И.И.;Ты тоска моя;Ваненко, И. Звездочка. М., 1842. С. 83-84;1842;Цикл русские песни;NA;Пс;reg;unrhymed;core;corpus_split//37_bashmakov_1842_utf8.txt
Башмаков, И.И.;Где ты душечка;Ваненко, И. Звездочка. М., 1842. С. 87-90;1842;Цикл русские песни;NA;Пс;reg;unrhymed;core;corpus_split//38_bashmakov_1842_utf8.txt
Башмаков, И.И.;Не то было время;Ваненко, И. Звездочка. М., 1842. С. 90-92;1842;Цикл русские песни;NA;Х3жм;reg;occ;core;corpus_split//39_bashmakov_1842_utf8.txt
Башмаков, И.И.;То не горлица воркует;Ваненко, И. Звездочка. М., 1842. С. 92-94;1842;Цикл русские песни;NA;Х4жм;reg;rhymed;core;corpus_split//40_bashmakov_1842_utf8.txt
Башмаков, И.И.;Было время времечко;Ваненко, И. Звездочка. М., 1842. С. 94-96;1842;Цикл русские песни;NA;Х32дж;reg;rhymed;core;corpus_split//41_baskmakov_1842_utf8.txt
Башмаков, И.И.;Он ласкал ее;Ваненко, И. Звездочка. М., 1842. С. 97-98;1842;Цикл русские песни;NA;Пс;reg;occ;core;corpus_split//42_bashmakov_1842_utf8.txt
Башмаков, И.И.;Так то ты со мной мой милый;Ваненко, И. Звездочка. М., 1842. С. 99-101;1842;Цикл русские песни;NA;Х4жм;reg;rhymed;core;corpus_split//43_bashmakov_1842_utf8.txt
Башмаков, И.И.;Ты душа моя девица;Ваненко, И. Звездочка. М., 1842. С. 101-103;1842;Цикл русские песни;NA;Х4жм;reg;rhymed;core;corpus_split//44_bashmakov_1842_utf8.txt
Башмаков, И.И.;Как разгневалась, разобиделась;Ваненко, И. Звездочка. М., 1842. С. 104-107;1842;Цикл русские песни;NA;Пс;reg;unrhymed;core;corpus_split//45_bashmakov_1842_utf8.txt
Башмаков, И.И.;Не о том ли ты девица;Ваненко, И. Звездочка. М., 1842. С. 107-109;1842;Цикл русские песни;NA;Х42мд (Х4+Пс);reg;rhymed;core;corpus_split//46_bashmakov_1842_utf8.txt
Башмаков, И.И.;Так то я частехонько;Ваненко, И. Звездочка. М., 1842. С. 109-111;1842;Цикл русские песни;NA;Х34дж;unreg;unrhymed;core;corpus_split//47_bashmakov_1842_utf8.txt
Башмаков, И.И.;Ах никто того не ведает не знает;Ваненко, И. Звездочка. М., 1842. С. 109-111;1842;Цикл русские песни;NA;Х6ж;reg;occ;core;corpus_split//48_bashmakov_1842_utf8.txt
Башмаков, И.И. (без подписи публ.???);Высыпайте, снега белые;Литературная газета.М., 1840. № 96,30 ноября, С. 2200 (Звездочка Ив. Ваненко. С. 85-87);1840;Песня;в сборнике - в цикле русские песни, за основу - вариант сборника;Х4д + Ан2д;unreg;unrhymed;core;corpus_split//49_bashmakov_1840_utf8.txt
Берг, Н.;Уж ты слышишь ли;Московский городской листок. М., 1847, № 20, 24 янв. С. 80;1847;Русская песня;января 19;Пс;reg;unrhymed;core;corpus_split//50_berg_1847_utf8.txt
Бернет, Е.;Я сегодня в огороде;СО, 1837. Ч. 185., с. 267-269;1837;Скорбь Елены-молдаванки;NA;Х43жм;unreg(сверхсхемные);occ;core;corpus_split//51_bernet_1837_utf8.txt
Боратынский;Страшно воет завывает;NA;1821;Русская песня;NA;Х42ж;reg;unrhymed;core;corpus_split//53_baratynsky_1821_utf8.txt
Бубнов, Г.П.;Ненаглядное красно солнышко;Весенние цветы, подарок для светлого праздника на 1830 г. М., 1830. С. 151-153;1830;Сельская песня;NA;Пс;reg;unrhymed;core;corpus_split//54_bubnov_1830_utf8.txt
Бушмакин, Н.;Не труби труба;Благонамеренный, 1826, ч. 34, № 9, с. 173-175;1826;Песня;NA;Пс + Д1;reg;occ;core;corpus_split//55_bushmakin_1826_utf8.txt
Бушмакин, Н.;Ах ты солнце нанаглядное мое;Славянин, 1828, ч.5.№ 6. С. 214;1827;Песня;NA;Х6м;reg (Ан1м + Х4м);unrhymed;core;corpus_split//56_bushmakin_1827_utf8.txt
Бушмакин, Н.;Ах ты туча;Календарь муз на 1826 г. СПб., 1826. Стихи. С. 68-69;1826;Песня;NA;Х2мд;reg (Ан1м + Пс);unrhymed;core;corpus_split//57_bushmakin_1826_utf8.txt
Бушмакин, Н.;Опущу я золотое;Невский альманах на 1827 г. СПб., 1826. С. 179;1826;Песня;NA;Х4жм;reg;unrhymed;core;corpus_split//58_bushmakin_1826_utf8.txt
Бушмакин, Н.;Ты светись мое кольцо;Памятник отечественных муз на 1828 г. СПб., 1828. С. 169-170;1828;Русская песня;NA;Х42443мжммж;reg(специфическая напевная строфа?;occ;core;corpus_split//59_bushmakin_1828_utf8.txt
Бушмакин, Н.;Песню выслушай мою;СО, 1832, т. 27. , ч. 149, с. 226;1832;Песня;NA;Х43443мж;reg (нетрадиционная строфика, рефренные штуки;occ;core;corpus_split//60_bushmakin_1832_utf8.txt
В.И.;Ах ты сердце бедное;Литературная газета 1847. № 8, 20 февраля. С. 116;1847;Песня;NA;Х3д + Пс;reg;rhymed;core;corpus_split//61_VI_1847_utf8.txt
Вельтман, А.Ф.;Что отуманилась зоренька ясная;NA;1831;NA;NA;Д43дм;reg;rhymed;core;corpus_split//62_veltman_1831_utf8.txt
Вельтман, А.Ф.;Загрустила зоря, зоря-зоренька;NA;1832;NA;NA;Пс2;reg;unrhymed;core;corpus_split//63_veltman_1832_utf8.txt
Вердеревский, А.;Не в лазури солнце ясное;Стихотворения Александра Вердеревского. М., 1838. С. 20-22;1838;Русская песня;NA;Х4дм;reg;rhymed;core;corpus_split//64_verderevskij_1838_utf8.txt
Виноградов;Не зарей щебечет ласточка;БдЧ. 1845, т. 73. С. 15;1845;Простонародные мелодии;NA;Х4д;reg;unrhymed;core;corpus_split//65_vinogradov_1845_utf8.txt
Виноградов;Разлюбила красна девица;БдЧ. 1845, т. 73. С. 15-16;1845;Простонародные мелодии;NA;Х4д;reg;unrhymed;core;corpus_split//66_vinogradov_1845_utf8.txt
Владимиров, М.;Эх, кормилицы, лошадки;Литературная газета 1848. № 41, 14 октября. С. 646;1848;Песня ямщика;В пандан к этим стихотворениям помещаем еще пять песен в том же народном духе одного из наших молодцых и талантливых поэтов. В июньской книжке репертуара и пантеона напечатны две песни Бояну и Измена. Под ними было также подписано имя Кольцова, но автор их объяснил нам, что потченный редактор Репертуара был введен в заблуждение, и что стихотворения эти принадлежат М. Вламирову. Песни эти действительно весьма замечательны, в чем вероятно согласятся наши читатели.;Х4ж + Х3м;reg;rhymed;core;corpus_split//67_vladimirov_1848_utf8.txt
Владимиров, М.;Что ретивый конь призадумался;Литературная газета 1848. № 41, 14 октября. С. 646;1848;NA;NA;Пс2;reg;unrhymed;core;corpus_split//68_vladimirov_1848_utf8.txt
Владимиров, М.;Девушка, красавица береги себя;Литературная газета 1848. № 41, 14 октября. С. 646-647;1848;Девушке;NA;Х3дм;unreg (перебои, сверхсхемные);unrhymed;core;corpus_split//69_vladimirov_1848_utf8.txt
Владимиров, М.;Схоронен в могиле хладной;Литературная газета 1848. № 41, 14 октября. С. 647;1848;Могила;NA;Х43жм;reg;rhymed;core;corpus_split//71_vladimirov_1848_utf8.txt
Владимиров, М.;Ну, дружней, веселей;Литературная газета 1848. № 48, 2 декабря. С. 760;1848;Русские песни (песня застольная);NA;Ан2м + Пс;unreg(почти reg);rhymed;core;corpus_split//73_vladimirov_1848_utf8.txt
Владимиров, М.;Сват родимый не куражься;Литературная газета 1848. № 48, 2 декабря. С. 760;1848;Русские песни;NA;Х4жм;reg;rhymed;core;corpus_split//75_vladimirov_1848_utf8.txt
Владимиров, М.;Чу! Взмахнул крылами;Литературная газета 1848. № 51, 23 декабря. С. 760;1848;Песня жнеца;NA;Х3ж;unreg (перебои, сверхсхемные);occ;core;corpus_split//76_vladimirov_1848_utf8.txt
Владимиров, М.;Не тоскуй не горюй;Литературная газета 1848. № 51, 23 декабря. С. 760;1848;NA;NA;Ан2м + Пс;reg;occ;core;corpus_split//77_vladimirov_1848_utf8.txt
Волконская, З.А.;Уж как пал снежок со темных небес;Сев. Цветы на 1832 г. СПб.., 1831 + Русские поэтессы 19 в. М., 1979;1831;Надгробная славянского гусляра;входило в прозаич. Текст Сказание об Ольге;Пс2;unreg(перебои к анапест. И амфб. Ритму);unrhymed;core;corpus_split//80_volkonskaya_1831_utf8.txt
Вяземский;Собирайтесь девки красны;NA;1817;NA;NA;Х4мж;reg;rhymed;core;corpus_split//81_vyazemsky_1817_utf8.txt
Г……ни (…Ни?...На?;Ах! Не чайка кружася носится;Литературный кабинет.М., 1842. Ч. 2. С. 66-67;1842;Русские песни;NA;Пс2;reg;unrhymed;core;corpus_split//82_g-ni_1823_utf8.txt
Г……ни (…Ни?...На?;Что ты Машенька призадумалась;Литературный кабинет.М., 1842. Ч. 2. С. 67;1842;Русские песни;NA;Пс2;reg;unrhymed;core;corpus_split//83_g-ni_1823_utf8.txt
Глебов, Д.П.;Увянет без солнышка;NA;1817;NA;NA;Аф2д;reg;unrhymed;core;corpus_split//84_glebov_1817_utf8.txt
Глебов, Д.П.;Скучно матушка мне сердцем жить одной;NA;1817;NA;NA;Х6м;reg;rhymed;core;corpus_split//85_glebov_1817_utf8.txt
Глинка, Ф.;Над озером, Габ озером;Царское село на 1830. СПб., 1830. С. 240-242;1828;Олонецкая песня;NA;Я34дм;unreg;occ;core;corpus_split//87_glinka_1828_utf8.txt
Годовниченкова Евпраксия;О кинжал мой, кинжал!;БдЧ. 1838, т. 26. Стихотв 97-98;1838;Обет женщины;NA;Ан2мАн1д;unreg;unrhymed;core;corpus_split//88_godovnichenkova_1838_utf8.txt
Головин, В.;Рано солнышко играешь;NA;1821;NA;на голос: при долинушке стояла;Х43ж;reg;rhymed;core;corpus_split//89_golovin_1821_utf8.txt
Горчаков, В.;Что грустишь ты, добрый молодец;БдЧ. 1839, т. 35. Лит. Летопись. С. 10-11. / Стих. Вл. Горчакова. М., 1839;1838;Русская песня;NA;Х4д + Пс2;unreg;unrhymed;core;corpus_split//90_gorchakov_1838_utf8.txt
Горчаков, В.;Под тою ли под сосною;Горчаков, В. Стихотворения. М., 1839. С. 19-20;1839;Цветок;NA;Я3д;unreg, перебои;unrhymed;core;corpus_split//91_gorchakov_1839_utf8.txt
Горчаков, В.;Сторона моя, сторонушка;Горчаков, В. Стихотворения. М., 1839. С. 26-27;1839;Русская песня;NA;Я3д;unreg, перебои, Х4д;unrhymed;core;corpus_split//92_gorchakov_1839_utf8.txt
Горчаков, В.;Что ты пташечка;Горчаков, В. Стихотворения. М., 1839. С. 28-29;1839;Русская песня;NA;Пс;unreg, Ан1дж;unrhymed;core;corpus_split//93_gorchakov_1839_utf8.txt
Грамматин, Н.Ф.;Лето красное проходи скорей;Вестник Европы, 1807, № 24, с. 280, под загл. Элегия сельской девушки;1807;Элегия сельской девушки;NA;Пс2;reg;unrhymed;core;corpus_split//94_grammatin_1807_utf8.txt
Грамматин, Н.Ф.;Ты не плачь не плачь красна девица;NA;1811;NA;NA;Пс2;reg;unrhymed;core;corpus_split//95_grammatin_1811_utf8.txt
Грамматин, Н.Ф.;Долго ль сердце нам с тобою тосковать;Вестн. Европы. - 1813. - Ч.67, N 1,2. - С.77-78.;1813;NA;NA;Х6м;reg;rhymed;core;corpus_split//96_grammatin_1813_utf8.txt
Грамматин, Н.Ф.;Проходи ты лето красное скорей;ВЕ, 1807. Ч. 36, N 23.;1807;Песня;на голос: я не знала ни о чем в свете тужить;Х6м;reg;rhymed;core;corpus_split//97_grammatin_1807_utf8.txt
Грамматин, Н.Ф.;Не шуми ты погодушка;Вестн. Европы. - 1815. - Ч.82, N 15. - С.164-166.;1815;NA;NA;Ан2д;reg;rhymed;core;corpus_split//98_grammatin_1815_utf8.txt
Гребенка, Е.П.;Бело личко черны очи;NA;1844;Песня;NA;Х4жм;reg;unrhymed;core;corpus_split//100_grebenka_1844_utf8.txt
Гребенка, Е.П.;Светла речка под окном твоим шумит;Метеор на 1845 г., СПб.1845. С. 111;1840;Песня (в СС);NA;Х6м;reg;rhymed;core;corpus_split//101_grebenka_1840_utf8.txt
Гребенка, Е.П.;Молода еще девица я была;СС + ОЗ, 1841. № 11. Т. 19. Отд. 3. С. 65;1841;Песня (в СС);NA;Х6м;reg;rhymed;core;corpus_split//102_grebenka_1841_utf8.txt
Гребенка, Е.П.;Зелена трава моя;NA;1841;Песня (в СС);NA;Я3д + Х3ж + Ан2м (рефр);reg;rhymed;core;corpus_split//103_grebenka_1841_utf8.txt
Греков, Н.;Много в небе горит;БдЧ. 1840, т. 43.Стихотворения. С. 11-12;1840;Русская песня;NA;Ан2м + Пс;reg;unrhymed;core;corpus_split//104_grekov_1840_utf8.txt
Губер, Э.;На душе свободной;БдЧ. 1843, т. 58., № 5. С. 10;1843;Песня;NA;Х3ж;reg;rhymed;core;corpus_split//105_guber_1843_utf8.txt
Д. Чернецкий;Ах, ты девица, звезда ясная;БдЧ. 1841, С. 7-8. Стих. Т. 46.;1841;Русская песня;NA;Пс2 + Пс;unreg (сбои, анапест.);unrhymed;core;corpus_split//106_chernecky_1841_utf8.txt
Даргомыжская,  М.;Тошно грустно мне на свете жить одной;Славянин. 1827. Ч. 2. № 21. С. 295;1827;Песня, УД;NA;Х6м;reg;rhymed;core;corpus_split//108_dargmyzhskaya_1827_utf8.txt
Д-въ., А. (Д-въ);Не дари меня черным соболем;СО, 1840. т. 1. Стихотворения. С. 554-555;1840;Русская песня;NA;Пс;unreg(перебои + стихи из двух пятисложников);unrhymed;core;corpus_split//109_d-v_1840_utf8.txt
Дельвиг;Соловей мой соловей;Дельвиг, А.А. Сочинения. Л., 1986. С. 31;1825;Русская песня;NA;Х4м;reg;occ;core;corpus_split//110_delvig_1825_utf8.txt
Дельвиг;Пела пела пташечка;Дельвиг, А.А. Сочинения. Л., 1986. С. 31;1824;Русская песня;NA;Х32дж;reg;unrhymed;core;corpus_split//111_delvig_1824_utf8.txt
Дельвиг;Что красотка молодая;Дельвиг, А.А. Сочинения. Л., 1986. С. 50-51;1823;Русская песня;NA;Х43ж;reg;unrhymed;core;corpus_split//112_delvig_1823_utf8.txt
Дельвиг;Ах ты ночь ли;Дельвиг, А.А. Сочинения. Л., 1986. С. 51-52;1821;Русская песня;NA;Х21жд;reg;unrhymed;core;corpus_split//113_delvig_1821_utf8.txt
Дельвиг;Голова ль моя головушка;Дельвиг, А.А. Сочинения. Л., 1986. С. 56-57;1823;Русская песня;NA;Х4д;reg;unrhymed;core;corpus_split//114_delvig_1823_utf8.txt
Дельвиг;Сиротинушка девушка;Дельвиг, А.А. Сочинения. Л., 1986. С. 64;1828;Русская песня;NA;Ан2д;reg;unrhymed;core;corpus_split//115_delvig_1828_utf8.txt
Дельвиг;Скучно девушки весною жить одной;Дельвиг, А.А. Сочинения. Л., 1986. С. 64-65;1824;Русская песня;NA;Х6м;reg;rhymed;core;corpus_split//116_delvig_1824_utf8.txt
Дельвиг;И я выйду ль на крылечко;Дельвиг, А.А. Сочинения. Л., 1986. С. 171-172;1828;NA;Незакончено;Х4жм;reg;rhymed;core;corpus_split//117_delvig_1828_utf8.txt
Дельвиг;Как за реченькой слободушка стоит;Дельвиг, А.А. Сочинения. Л., 1986. С. 172;1828;NA;NA;Х6м;reg;rhymed;core;corpus_split//118_delvig_1828_utf8.txt
Дельвиг;По небу тучи громовые ходят;Дельвиг, А.А. Сочинения. Л., 1986. С. 172-173;1829;Русская песня;NA;Д13дж;reg;unrhymed;core;corpus_split//119_delvig_1829_utf8.txt
Дельвиг;Как у нас ли на кровельке;Дельвиг, А.А. Сочинения. Л., 1986. С. 182-183;1829;Русская песня;NA;Ан2д;reg;unrhymed;core;corpus_split//120_delvig_1829_utf8.txt
Дельвиг;Я вечор в саду младешенька гуляла;Дельвиг, А.А. Сочинения. Л., 1986. С. 186;1831;Русская песня;NA;Х6ж + Х5ж;unreg;unrhymed;core;corpus_split//121_delvig_1831_utf8.txt
Ершов, П.П.;Полетай мой голубочек;NA;1834;Песня казачки;из Сибирского казака;Х4ж;reg;unrhymed;core;corpus_split//123_ershov_1834_utf8.txt
Ершов, П.П.;Как во поле во широком;NA;1834;Молодой орел;NA;Х4жм;reg;rhymed;core;corpus_split//124_ershov_1834_utf8.txt
Ершов, П.П.;Уж не цвесть цветку в пустыне;NA;1835;Русская песня;NA;Х4жм;reg;rhymed;core;corpus_split//125_ershov_1835_utf8.txt
Ершов, П.П.;Камень милый бирюзовый;NA;1837;Кольцо с бирюзою;NA;Х4жм;reg;unrhymed;core;corpus_split//127_ershov_1837_utf8.txt
Жарков, А.;Уж давно то я томлюсь;Московский городской листок. 1847, № 147, 8 июля. С. 589;1847;NA;NA;Х4мд;unreg(разностопный, мелодическая форма какая-то);occ;core;corpus_split//129_zharkov_1847_utf8.txt
Жмакин, В.;Я люблю бледный цвет;Жмакин, В. Часы досуга. М., 1843. С. 61-62;1843;Утрата;NA;Ан2м + Х3ж;reg;rhymed;core;corpus_split//130_zhmakin_1843_utf8.txt
Жмакин, В.;Долго ль будут тучи по небу ходить;Жмакин, В. Часы досуга. М., 1843. С. 66;1843;Моя песня;(скорее сильно раньше написанные);Х6м;reg;rhymed;core;corpus_split//131_zhmakin_1843_utf8.txt
Заангарский Сибиряк;Разломайся грудь;СО, 1837. Ч. 184. С. 141-143;1837;Песнь страдальца;Иркутск;Пс;unreg (cбой);unrhymed;core;corpus_split//132_sibiryak_1837_utf8.txt
Загоскин;О гой ты Днепр ты широкий Днепр;NA;1833;NA;из Аскольдовой могилы (роман);Х4жм;unreg;unrhymed;core;corpus_split//133_zagoskin_1833_utf8.txt
Загоскин;Гой ты Днепр ли мой широкий;NA;1835;NA;из Аскольдовой могилы (опера);Х4жм;reg;rhymed;core;corpus_split//134_zagoskin_1835_utf8.txt
Загоскин;Ах подруженьки как грустно;NA;1835;NA;из Аскольдовой могилы (опера);Х4жмд;unreg;unrhymed;core;corpus_split//135_zagoskin_1835_utf8.txt
Загоскин;Уж как веет, веет ветерок;NA;1835;NA;из Аскольдовой могилы (опера);Х5,4,3;unreg;unrhymed;core;corpus_split//136_zagoskin_1835_utf8.txt
Зотов, В.Р.;Как пойду ль сидеть;NA;1841;Русская песня;NA;Пс;reg;occ;core;corpus_split//137_zotov_1841_utf8.txt
Ибрагимов, Л.Н.;Ты душа ль моя красна девица;Ибрагимов, Л.Н. Стихотворения Льва Ибрагимова. Казань, 1841. С. 54-55 / БдЧ. 1839. Т.33. С. 14-15.;1839;Русские песни;NA;Пс2;reg;unrhymed;core;corpus_split//138_ibragimov_1839_utf8.txt
Ибрагимов, Л.Н.;Ах ты помнишь ли;Ибрагимов, Л.Н. Стихотворения Льва Ибрагимова. Казань, 1841. С. 56-57;1841;Русские песни;NA;Пс;reg;unrhymed;core;corpus_split//139_ibragimov_1841_utf8.txt
Ибрагимов, Н.М.;Вечерком красна девица;NA;1815;Русская песня (подражание польской);NA;Х4жм + Х34м (рефрен);reg;rhymed;core;corpus_split//141_ibragimov_1815_utf8.txt
Ибрагимов, Н.М.;Во поле березанька стояла;Благонамеренный, 1825. № 19. С. 203-204;1825;Русская песня;NA;Х5ж;unreg;rhymed;core;corpus_split//142_ibragimov_1825_utf8.txt
Ивалс, Н.;Ах ты, батюшка, наш кабачек;Литературный кабинет. М., 1842 Ч. 2. С. 68;1842;Волжская песня;NA;Пс2;unreg;occ;core;corpus_split//143_protopopov_1842_utf8.txt
Иванов, В.;Не горюй, девица красная;Лит.прибав. Рус. Инвалид. 1834, № 102 дек. 22, С. 310;1834;Русская песня;NA;Х4д + Ан2м;reg;rhymed;core;corpus_split//144_ivanov_1834_utf8.txt
Иванов,И.;Друг мой милый что ты не весел;Зимцерла. М., 1829. С. 94 (цен.разр. Марта 8);1829;Русская песня;NA;Х4д;reg;unrhymed;core;corpus_split//145_ivanov_1829_utf8.txt
Иноземцев, П.И.;Не березонька с гибким явором соплеталась;Утреняя звезда. М. 1834, кн. 1. С. 159-160;1843;Русская песня;NA;Пс2 + Ан1ж;reg (14 сложник?);rhymed;core;corpus_split//146_inozemcev_1843_utf8.txt
Кашаев, В.;Мне по сердцу та лишь песенка;Стихотворения / [Соч.] Виктора Кашаева. - Москва : тип. В. Кирилова, 1837. - 43 с. 22.;1837;Русская мелодия;NA;Х4д;reg;rhymed;core;corpus_split//150_kashaev_1837_utf8.txt
Козлов, И.И.;Солнце красное о прекрасное;NA;1838;NA;NA;Пс2;reg;rhymed;core;corpus_split//152_kozlov_1838_utf8.txt
Козлов, И.И.;Как вечор млада молодешенька;Енисейский альманах. М. (Красноярск), 1828 г.;1828;Кольцо;NA;Пс;reg;unrhymed;core;corpus_split//154_kozlov_1828_utf8.txt
Колоколов, Михаил?;Тучи черные, бродя по небу;Литературная газета 1847. № 28, 19 июля. С. 445;1847;Песня;вот стихотворение г. Михаила К. приславшего три песни, писанные русским размером, которым, как известно, писать гораздо удобнее;Пс2;unreg(перебои);unrhymed;core;corpus_split//155_kolokolov_1847_utf8.txt
Колоколов, Михаил?;Вянет травка осенью;Литературная газета 1848. № 41, 14 октября. С. 645;1848;Песня;мы получили на днях письмо из Тулы следующего содержания: М.Г. Посылаю при сем нигде еще непечатанные два стихотворение милого нашего поэта Кольцова. Я уверен, что Редакция Литературной газеты, как представительница всего изящного, не откажется поместть их в своем издании.;Х3д + Ан1ж;reg;rhymed;core;corpus_split//156_kolokolov_1848_utf8.txt
Колоколов, Михаил?;Пламенея горя;Литературная газета 1848. № 41, 14 октября. С. 646;1848;Песня;NA;Ан2м + Пс;unreg;rhymed;core;corpus_split//157_kolokolov_1848_utf8.txt
Колоколов, Михаил?;Не спеши постой гостья милая;Литературная газета 1848. № 52, 30 декабря. С. 760;1848;Русская песня;NA;Пс;reg;unrhymed;core;corpus_split//158_kolokolov_1848_utf8.txt
Кольцов;Если встречусь с тобой;Кольцов, А.В. Полное собрание стихотворений. Л., 1958. С. 46-47;1827;Песня;NA;Ан2м;reg;unrhymed;core;corpus_split//159_kolcov_1827_utf8.txt
Кольцов;Я затеплю свечу;Кольцов, А.В. Полное собрание стихотворений. Л., 1958. С. 88-89;1830;NA;NA;Ан2м + Ан1д;reg;unrhymed;core;corpus_split//166_kolcov_1830_utf8.txt
Кольцов;Оседлаю коня;Кольцов, А.В. Полное собрание стихотворений. Л., 1958. С. 90-91;1830;NA;NA;Ан2м + Ан1д;reg;unrhymed;core;corpus_split//167_kolcov_1830_utf8.txt
Кольцов;Мне ли молодцу;Кольцов, А.В. Полное собрание стихотворений. Л., 1958. С. 103-105;1833;NA;NA;Пс;reg;unrhymed;core;corpus_split//169_kolcov_1833_utf8.txt
Кольцов;Не шуми ты рожь;Кольцов, А.В. Полное собрание стихотворений. Л., 1958. С. 106;1834;NA;NA;Пс;reg;unrhymed;core;corpus_split//170_kolcov_1834_utf8.txt
Кольцов;Высоко стоит;Кольцов, А.В. Полное собрание стихотворений. Л., 1958. С. 112-114;1836;Молодая жница;NA;Пс;reg;unrhymed;core;corpus_split//172_kolcov_1836_utf8.txt
Кольцов;Сяду я за стол;Кольцов, А.В. Полное собрание стихотворений. Л., 1958. С. 124-125;1837;Раздумье селянина;NA;Пс;reg;unrhymed;core;corpus_split//177_kolcov_1837_utf8.txt
Кольцов;Так ты моя красавица;Кольцов, А.В. Полное собрание стихотворений. Л., 1958. С. 127-129;1837;NA;NA;Я1д;reg;unrhymed;core;corpus_split//178_kolcov_1837_utf8.txt
Кольцов;Не страшна мне добру молодцу;Кольцов, А.В. Полное собрание стихотворений. Л., 1958. С. 151-152;1838;Стенька Разин;NA;Х4д;unreg;unrhymed;core;corpus_split//179_kolcov_1838_utf8.txt
Кольцов;Жарко в небе солнце летнее;Кольцов, А.В. Полное собрание стихотворений. Л., 1958. С. 141-142;1838;Измена суженой (русская песня);NA;Х4д;reg;unrhymed;core;corpus_split//180_kolcov_1838_utf8.txt
Кольцов;Ах зачем меня;Кольцов, А.В. Полное собрание стихотворений. Л., 1958. С. 143-144;1838;Русская песня;NA;Пс;reg;unrhymed;core;corpus_split//181_kolcov_1838_utf8.txt
Кольцов;Ах ты горе горе;Кольцов, А.В. Полное собрание стихотворений. Л., 1958. С. 157-158;1839;Горе;NA;Пс;unreg;unrhymed;core;corpus_split//183_kolcov_1839_utf8.txt
Кольцов;Загрустила запечалилась;Кольцов, А.В. Полное собрание стихотворений. Л., 1958. С.159-160;1839;Тоска по воле;NA;Х4д;reg;unrhymed;core;corpus_split//184_kolcov_1839_utf8.txt
Кольцов;Говорил мне друг прощаючись;Кольцов, А.В. Полное собрание стихотворений. Л., 1958. С. 167-168;1839;Русская песня;NA;Х4д;reg;unrhymed;core;corpus_split//186_kolcov_1839_utf8.txt
Кольцов;Греет солнышко;Кольцов, А.В. Полное собрание стихотворений. Л., 1958. С.172-173;1840;Русская песня;NA;Х2д + Я1д;reg;unrhymed;core;corpus_split//187_kolcov_1840_utf8.txt
Кольцов;Не скажу никому;Кольцов, А.В. Полное собрание стихотворений. Л., 1958. С.173;1840;Русская песня;NA;Ан2м;reg;unrhymed;core;corpus_split//188_kolcov_1840_utf8.txt
Кольцов;Не на радость не на счастие;Кольцов, А.В. Полное собрание стихотворений. Л., 1958. С.176-177;1840;Русская песня;NA;Х4д;reg;unrhymed;core;corpus_split//190_kolcov_1840_utf8.txt
Кольцов;Дуют ветры;Кольцов, А.В. Полное собрание стихотворений. Л., 1958. С. 178-179;1840;Русская песня;NA;Х2жд;reg;unrhymed;core;corpus_split//192_kolcov_1840_utf8.txt
Кольцов;Как женился я раскаялся;Кольцов, А.В. Полное собрание стихотворений. Л., 1958. С.180-181;1840;Всякому свой талан;NA;Х4д;reg;unrhymed;core;corpus_split//194_kolcov_1840_utf8.txt
Кольцов;Где вы дни мои;Кольцов, А.В. Полное собрание стихотворений. Л., 1958. С. 181-182;1840;Русская песня;NA;Пс;reg;unrhymed;core;corpus_split//195_kolcov_1840_utf8.txt
Кольцов;Ты прости прощай;Кольцов, А.В. Полное собрание стихотворений. Л., 1958. С.191;1841;Русская песня;NA;Пс;reg;unrhymed;core;corpus_split//196_kolcov_1841_utf8.txt
Кольцов;Не весна тогда;Кольцов, А.В. Полное собрание стихотворений. Л., 1958. С.191-192;1841;Русская песня;NA;Пс;reg;unrhymed;core;corpus_split//197_kolcov_1841_utf8.txt
Кольцов;Расступитесь леса темные;Кольцов, А.В. Полное собрание стихотворений. Л., 1958. С. 192-193;1841;Русская песня;NA;Х4д;unreg;unrhymed;core;corpus_split//198_kolcov_1841_utf8.txt
Кольцов;Из лесов дремучих северных;Кольцов, А.В. Полное собрание стихотворений. Л., 1958. С.195;1841;Русская песня;NA;Х4д;reg;unrhymed;core;corpus_split//200_kolcov_1841_utf8.txt
Кольцов;Ночка темная;Кольцов, А.В. Полное собрание стихотворений. Л., 1958. С. 201-202;1842;NA;NA;Пс;reg;unrhymed;core;corpus_split//201_kolcov_1842_utf8.txt
Кольцов;Так и рвется душа;Кольцов, А.В. Полное собрание стихотворений. Л., 1958. С. 175;1840;Русская песня;NA;Ан2м;reg;rhymed;core;corpus_split//202_kolcov_1840_utf8.txt
Кольцов;Много есть у меня;Кольцов, А.В. Полное собрание стихотворений. Л., 1958. С. 183;1840;Русская песня;NA;Ан2м;reg;rhymed;core;corpus_split//203_kolcov_1840_utf8.txt
Кольцов;Я любила его;Кольцов, А.В. Полное собрание стихотворений. Л., 1958. С. 197-198;1841;Русская песня;NA;Ан2м;reg;rhymed;core;corpus_split//204_kolcov_1841_utf8.txt
Комиссаров, Д.;Ах! Рано затмилося;Северные семена на 1831 год. М., 1831. С. 25-27;1831;Несчастливец;NA;Аф2д;unreg (перебои);unrhymed;core;corpus_split//207_komissarov_1831_utf8.txt
Комиссаров, Д.;Разговор я слышал девичий;Северные семена на 1831 год. М., 1831. С. 49-50;1831;Грусть поселянки;NA;Х4д;unreg (перебои);unrhymed;core;corpus_split//208_komissarov_1831_utf8.txt
Комиссаров, Д.;Ах не долго мне утешаться;Северные семена на 1831 год. М., 1831. С. 95-96;1831;Прощание с отчизной;NA;Пс;unreg (перебои);unrhymed;core;corpus_split//209_komissarov_1831_utf8.txt
Кони, Ф.А.;Не жемчуг дорогой на цветочке блестит;Сборник на 1838 год…СПб., 1838;1831;NA;NA;Ан4м + Ан1ж;reg;rhymed;core;corpus_split//210_koni_1831_utf8.txt
Кони, Ф.А.;Рано цветик рано ты;NA;1833;NA;NA;Х43мж;reg;rhymed;core;corpus_split//211_koni_1833_utf8.txt
Коптев;Друг мой милой красно солнышко мое;Стихотворения…СПб., 1834. С. 58-60 + Моск. курьер. - 1806. - Ч.4, № 43. - С.267-269.;1806;Сельская элегия;NA;Х6м;reg;unrhymed;core;corpus_split//212_koptev_1806_utf8.txt
Красов, В.И.;Уж я с вечера сидела;Поэты кружка Станкевича. М.-Л. 1936. С. 246 (ОЗ., № 6, т. 10. Отд. 3. С. 290);1840;Песня;NA;Х4ж + Пс;unreg(переменная анакруса, дактилич клаузула);rhymed;core;corpus_split//213_krasov_1840_utf8.txt
Красов, В.И.;Ах ты мать моя змея мачеха;Поэты кружка Станкевича. М.-Л. 1936. С. 249-250;1840;Русская песня;NA;Пс2;reg;unrhymed;core;corpus_split//214_krasov_1840_utf8.txt
Красов, В.И.;Уж как в ту ли ночь;Поэты кружка Станкевича. М.-Л. 1936. С. 256-257;1841;Песня;NA;Пс;reg;unrhymed;core;corpus_split//215_krasov_1841_utf8.txt
Красов, В.И.;Со кручинушки шатаясь;Поэты кружка Станкевича. М.-Л. 1936. С. 262 (ОЗ, 1841, № 12);1841;Старинная песня;NA;Х4жм;reg;rhymed;core;corpus_split//216_krasov_1841_utf8.txt
Креницын, А.;Милый друг! Нежный друг!;Невский альманах на 1830 г. СПб., 1830. С. 482-483;1830;Русская пенся;NA;Ан2м;reg;rhymed;core;corpus_split//217_krenicyn_1830_utf8.txt
Кропоткин, Д. Князь;На сторонушку родную;БдЧ, 1837, т. 23, С. 147-148;1837;Сокол;NA;Х4жм;reg;rhymed;core;corpus_split//218_kropotkin_1837_utf8.txt
Кудрявцев, П.Н.???;Соберитесь девы красны;NA;1832;NA;NA;Х4жм;reg;rhymed;core;corpus_split//221_kudryavcev_1832_utf8.txt
Кудряшев, П.М.;Как цветочек от засухи;Вестн. Европы. - 1822. - Май и июнь, N 9/10. - С.87.;1822;NA;На голос ты проходишь, дорогая, мимо кельи;Х4ж + Х2ж;reg;rhymed;core;corpus_split//222_kudryashov_1822_utf8.txt
Кудряшев, П.М.;О касаточка птичка ласточка;Славянин. 1828. Т. 7. № 28, С. 64.;1828;Песня, УД;NA;Пс;reg;rhymed;core;corpus_split//223_kudryashov_1828_utf8.txt
Кудряшев, П.М.;Ах, подруженьки, ах, голубушки;ВЕ, 1823, № 19, с. 165;1823;Песни;NA;Пс2;reg;unrhymed;core;corpus_split//224_kudryashov_1823_utf8.txt
Кудряшев, П.М.;Не вчера ли в хороводе;ВЕ, 1823, № 19, с. 165-166;1823;Песни;NA;Х4жм;reg;rhymed;core;corpus_split//225_kudryashov_1823_utf8.txt
Кукольник, Н.В.;Ходит ветер у ворот;Князь Холмский // Соч. Нестора Кукольника, драматические. Т.2. С. 416;1840;NA;NA;Х4м;reg;rhymed;core;corpus_split//226_kukolnik_1840_utf8.txt
Кукольник, Н.В.;Как взгляну да погляжу;Иван Рябов // Соч. Нестора Кукольника, драматические. Т.2. С. 534;1840;NA;NA;Х43мж;reg;rhymed;core;corpus_split//227_kukolnik_1840_utf8.txt
Л. Вл.;То не лебедь плывет;Славянин. 1827. Ч. 4. № 41. С. 61-62;1827;Песня, УД;см. Смирнова, Ф.;Пс;unreg;unrhymed;core;corpus_split//228_lvl_1827_utf8.txt
Лажечников, И.;Сладко пел душа соловушко;NA;1831;NA;NA;Х4дм;reg;rhymed;core;corpus_split//229_lazhechnikov_1831_utf8.txt
Лардем.;Все бы все бы подле милой я сидел;Календарь муз на 1826 г. СПб., 1826. Стихи. С. 127-128;1826;Русская песня;На голос: Скучно, матушка, весною жить одной;Х6м;reg;rhymed;core;corpus_split//230_lardem_1826_utf8.txt
Лесник;Эх не вовремя тучи мрачные;СО, 1839.  т. 9. Стихотворения. С. 10;1839;Две русские песни;NA;Пс2;reg;occ;core;corpus_split//231_lesnik_1838_utf8.txt
Лесник;Не булатный нож режет грудь мою;СО, 1839.  т. 9. Стихотворения. С. 10-11;1839;Две русские песни;NA;Пс2;reg;unrhymed;core;corpus_split//232_lesnik_1838_utf8.txt
Линдфорс, Н.;Ах скоро ль душа девица;Стихотворения Николая Линдфорса. СПб., 1834. С. 61-62;1834;Русская песня;NA;Я3дм;reg;unrhymed;core;corpus_split//233_lindfors_1834_utf8.txt
Линдфорс, Н.;Что в лесочке пташечка;Стихотворения Николая Линдфорса. СПб., 1834. С 63;1834;Русская песня;NA;Х3д + Пс;reg;unrhymed;core;corpus_split//234_lindfors_1834_utf8.txt
Лисицына, М.;Сердцу милая девица;Лисицына, М. Стихи и проза М. Лисицыной. М., 1829. С. 4-6 + Венера.М., 1831. Подп. ъ + Дамский журнал 1828, кн. 21. с. 32;1828;Песня;NA;Х4жм;reg;unrhymed;core;corpus_split//235_licycina_1828_utf8.txt
М. - С-пъ;Что дитятко, что милое;Лит.прибав. Рус. Инвалид. 1833, № 7, янв. 25, С. 55;1833;Недобрый сон. Русская мелодия;NA;Я3д;reg;occ;core;corpus_split//236_msp_1833_utf8.txt
Маздорф, А.К.;Ноченька мрачная что ты так длишься;Вестн. Европы. - 1818. - Ч.101, N 19. - С.179-180.;1818;Песня;NA;Д4жм;reg;rhymed;core;corpus_split//237_mazdorf_1818_utf8.txt
Макаров, М.Н.;Было время когда грусти я не знал.;Русское национальное песнопение. М., 1809. С. 24-25;1807;NA;-ъ;Х6м;reg;rhymed;core;corpus_split//238_makarov_1807_utf8.txt
Макаров, М.Н.;Говорят, что нет несноснее;Русское национальное песнопение. М., 1809. С. 77-78;1806;NA;-ъ;Х4д;reg;unrhymed;core;corpus_split//239_makarov_1806_utf8.txt
Макаров, М.Н.;Ты не жди меня моя милая;Русское национальное песнопение. М., 1809. С. 102-103;1807;NA;-R. На голос: Ты душа моя, красна девица. Посвящена от автора Ктрн. Алксвн. Крлвой в 24 день ноября 1807;Пс;reg;unrhymed;core;corpus_split//240_makarov_1807_utf8.txt
Макаров, М.Н.;Если б знал я красна девица душа;Русское национальное песнопение. М., 1809. С. 170-172;1808;NA;-въ;Х6м;reg;rhymed;core;corpus_split//241_makarov_1808_utf8.txt
Макаров, М.Н.;Грусть тиранит сердце бедного;Русское национальное песнопение. М., 1809. С. 232-233;1805;NA;-въ;Х4д;reg;occ;core;corpus_split//242_makarov_1805_utf8.txt
Макаров, М.Н.;Вечор был я у Никитских у ворот;Русское национальное песнопение. М., 1809. С. 274-275;1809;NA;.ъ На голос: вечер был я на почтовом на дворе и проч.;Х6м;reg;occ;core;corpus_split//243_makarov_1809_utf8.txt
Макаров, М.Н.;Ты здесь была - я рай вкушал;Русское национальное песнопение. М., 1809. С. 275-276;1809;NA;.ъ На голос: АХ девица, красавица!;Я34дм;unreg;rhymed;core;corpus_split//244_makarov_1809_utf8.txt
Макаров, М.Н.;Расцветайте в саду алые цветы;Русское национальное песнопение. М., 1809. С. 330-331;1808;NA;-ва. На голос: тошно матушка весною жить одной (Местечко роздянька);Х6м;reg;rhymed;core;corpus_split//245_makarov_1808_utf8.txt
Макаров, М.Н.;Вечор я у милого радостью была;Русское национальное песнопение. М., 1809. С. 332;1808;NA;- ва. (местечко роздянька);Аф4м;unreg, перебои;occ;core;corpus_split//246_makarov_1808_utf8.txt
Макаров, М.Н.;Ты напрасно по Никитской проходил;Русское национальное песнопение. М., 1809. С. 391-392;1809;NA;- а - я - а - я (ответ на Вечор был я у Никитских у ворот. На с. 393 помещна с некоторыми разночтениями песня Грамматина Проходи ты лето красное скорей под той же подписью;Х6м;reg;occ;core;corpus_split//247_makarov_1809_utf8.txt
Макаров, М.Н.;Среди лесов;ВЕ, 1823, № 9, с. 26-29;1823;Князь Славянский в плену;типа черногорские песни, с 25. списана слово в слово;Аф1д;unreg(Я1д + Я2м?);unrhymed;core;corpus_split//248_makarov_1823_utf8.txt
Макаров, М.Н.;Владислав! Душа-надежда;ВЕ, 1823, № 9, с. 24-26;1823;Владислав и Людмила;NA;Х43ж;reg;unrhymed;core;corpus_split//249_makarov_1823_utf8.txt
Малышев, Г.;Буйный ветер воет;Стихотворения. М., 1848. С. 3-4;1828;Песня русского воина под Варною, в 1828 году;NA;Х32ж;unreg;unrhymed;core;corpus_split//250_malyshev_1828_utf8.txt
Малышев, Г.;Еду в бой кровавый;Стихотворения. М., 1848. С. 15-16;1848;Разлука;NA;Х3ж;reg;rhymed;core;corpus_split//251_malyshev_1848_utf8.txt
Малышев, Г.;В высоком тереме;Стихотворения. М., 1848. С. 26-27;1848;Моей невесте;NA;Я3ж + Я2д;unreg;rhymed;core;corpus_split//252_malyshev_1848_utf8.txt
Малышев, Г.;По дорожке пыль столбом летит;Стихотворения. М., 1848. С. 30;1848;Русская песня;NA;Х5м + Х4м;reg;rhymed;core;corpus_split//253_malyshev_1848_utf8.txt
Мартынов, В.;Вы скажите мне люди добрые;Литературная газета 1843. № 40, 10 окт. С. 716-717;1843;Две русские песни;NA;Пс;unreg;unrhymed;core;corpus_split//254_martynov_1843_utf8.txt
Междуделье;Появилася туча черная;Междуделье. М., 1848. С. 48-50;1848;Туча;NA;Пс2;reg;unrhymed;core;corpus_split//255_mezhdudelie_1848_utf8.txt
Междуделье;Ты раздолье наше, темный лес;Междуделье. М., 1848. С. 60-64;1848;Дума разбойника;NA;Х4д;unreg;unrhymed;core;corpus_split//256_mezhdudelie_1848_utf8.txt
Междуделье;Не ужель от  твоих очей;Междуделье. М., 1848. С. 109-110;1848;NA;NA;Ан2д;unreg;rhymed;core;corpus_split//257_mezhdudelie_1848_utf8.txt
Междуделье;Бусурманский ворожей, Скобей Ящерин;Междуделье. М., 1848. С. 148;1848;Песня (Из древней рукописи);NA;Тактовик-3;unreg;unrhymed;core;corpus_split//258_mezhdudelie_1848_utf8.txt
Междуделье;Ах и где еще такой есть молодец;Междуделье. М., 1848. С. 149-150;1848;Свадебная песня (употреблявшаяся в старину на сговорах);NA;Тактовик-3;unreg;unrhymed;core;corpus_split//259_mezhdudelie_1848_utf8.txt
Мерзляков;Среди долины ровныя;Мерзляков, А.Ф. Стихотворения. Л., 1958. С. 57-58;1810;NA;NA;Я3дм;reg;rhymed;core;corpus_split//260_merzlyakov_1810_utf8.txt
Мерзляков;Я не думала ни о чем в свете тужить;Мерзляков, А.Ф. Стихотворения. Л., 1958. С. 58-59;1806;NA;NA;Х6м;unreg;rhymed;core;corpus_split//261_merzlyakov_1806_utf8.txt
Мерзляков;Не липочка кудрявая;Мерзляков, А.Ф. Стихотворения. Л., 1958. С. 60-61;1810;NA;NA;Аф2дж + Я3д;unreg;unrhymed;core;corpus_split//262_merzlyakov_1810_utf8.txt
Мерзляков;Вылетала бедная пташка на долину;Мерзляков, А.Ф. Стихотворения. Л., 1958. С. 61-62;1810;NA;NA;Х6ж;reg;unrhymed;core;corpus_split//263_merzlyakov_1810_utf8.txt
Мерзляков;Ах что ж ты голубчик;Мерзляков, А.Ф. Стихотворения. Л., 1958. С. 62-63;1806;NA;NA;Ан +Аф;unreg;unrhymed;core;corpus_split//264_merzlyakov_1806_utf8.txt
Мерзляков;Чернобровый черноглазый;Мерзляков, А.Ф. Стихотворения. Л., 1958. С. 63-64;1806;NA;NA;Х43ж;unreg;unrhymed;core;corpus_split//265_merzlyakov_1806_utf8.txt
Мерзляков;Что не девица во тереме своем;Мерзляков, А.Ф. Стихотворения. Л., 1958. С.64-65;1805;NA;NA;Х6м;reg;rhymed;core;corpus_split//266_merzlyakov_1805_utf8.txt
Мерзляков;Чтомне делать в тяжкой участи своей;Мерзляков, А.Ф. Стихотворения. Л., 1958. С.64-66;1805;Сельская элегия;NA;Х6м;reg;unrhymed;core;corpus_split//267_merzlyakov_1805_utf8.txt
Мерзляков;Ах девица красавица;Мерзляков, А.Ф. Стихотворения. Л., 1958. С.66-67;1806;NA;NA;Дк3д;unreg;unrhymed;core;corpus_split//268_merzlyakov_1806_utf8.txt
Мерзляков;Тошно девице ждать мила друга;Мерзляков, А.Ф. Стихотворения. Л., 1958. С. 67-68;1810;Ожидание;NA;Пс2;unreg;unrhymed;core;corpus_split//269_merzlyakov_1810_utf8.txt
Мерзляков;Для чего летишь соловушко к садам;Мерзляков, А.Ф. Стихотворения. Л., 1958. С. 69-70;1810;Соловушко;NA;Х6м;reg;rhymed;core;corpus_split//270_merzlyakov_1810_utf8.txt
Мерзляков;Под березой где прозрачный ключ шумит;Мерзляков, А.Ф. Стихотворения. Л., 1958. С. 71;1810;NA;NA;Х6м;reg;rhymed;core;corpus_split//271_merzlyakov_1810_utf8.txt
Мерзляков;Мой безмолвный друг опять к тебе иду;Мерзляков, А.Ф. Стихотворения. Л., 1958. С. 72;1810;NA;NA;Х6м;reg;rhymed;core;corpus_split//272_merzlyakov_1810_utf8.txt
Минаев, Д.;Как по морю было синему;Новогодник. Собрание сочинений в прозе и стихах…СПб., 1839. С. 363-364;1839;Песня;NA;Ан3д;unreg (пербои, цезурн усечения);unrhymed;core;corpus_split//273_minaev_1839_utf8.txt
Мочалов, П.С.;Ах ты солнце солнце красное;NA;1842;NA;NA;Х4д;reg;unrhymed;core;corpus_split//275_mochalov_1842_utf8.txt
Мочалов, П.С.;Старый бор черный бор;NA;1842;NA;NA;Ан2м;unreg;rhymed;core;corpus_split//276_mochalov_1842_utf8.txt
Мочалов, П.С.;Дайте слово, научите;Литературный кабинет. М., 1842. 1842 Ч. 2. С. 11-12;1842;Русское спасибо;NA;Х4жм + Х4д + Пс2;unreg;unrhymed;core;corpus_split//277_mochalov_1842_utf8.txt
Мятлев, И.П.;Что ты ветка бедная;Мятлев, И.П. Стихотворения. Л., 1969. С. 58;1834;Плавающая ветка;NA;Х3дм;reg;rhymed;core;corpus_split//278_myatlev_1834_utf8.txt
Мятлев, И.П.;Молодая пташечка;Мятлев, И.П. Стихотворения. Л., 1969. С. 62-63;1839;NA;NA;Х3дм;reg;rhymed;core;corpus_split//279_myatlev_1839_utf8.txt
Н. В.;Есть заветная светлица;СО, 1840. т. 3. С. 591-592;1840;Светлица;NA;Х4жм;reg;rhymed;core;corpus_split//280_nv_1840_utf8.txt
Н.Ш. (м.б. Н. Шигаев. (Рассказы и повести. Перев. 4. ч. Спб. 1835. );Вот стоит она лебедь белая;БдЧ. 1841, Т. 44. Стих. С. 104.;1841;Русская красавица;NA;Пс2;unreg;unrhymed;core;corpus_split//281_nsh_1841_utf8.txt
Надеждина, Э.;Говорил мне мил сердечный друг когда-то;Невский альбом. СПб., 1838. С. 160;1831;Локон;NA;Х6ж;reg;unrhymed;core;corpus_split//282_nadezhdina_1831_utf8.txt
Нетанов;Прочь тоска змея;Литературная газета 1848. № 15, 15 апреля. С. 228;1848;Песня;NA;Пс;reg;unrhymed;core;corpus_split//286_netanov_1848_utf8.txt
Ниркомский;Матушка голубушка;БдЧ, 1838, т.29. Стихотворения. С. 51-52;1838;NA;NA;Х3дм;reg;rhymed;core;corpus_split//287_nirkomskiy_1838_utf8.txt
Ниркомский;Ты не плачь, родимый батюшка;БдЧ. 1838, т. 29.Стихотв. С. 52-53;1838;Три русские песни (Ниркомский + Д. Пельский);NA;Х4д;unreg;unrhymed;core;corpus_split//288_nirkomskiy_1838_utf8.txt
О - л - а.;Красавице-девице любить не велили;Литературная газета. 1840. №  75, сент 11 С. 1582, 1645-1646;1840;Русская песня;(из собрания рязанских простонародных песен);Аф4жм;unreg;rhymed;core;corpus_split//289_o-l-a_1840_utf8.txt
О - л - а.;Я вечор млада;Литературная газета. 1840. №  75, сент 11 С. 1582, 1646-1647;1840;Цыганская песня;(Из собрания старых и новых цыганских песен);Пс;reg;occ;core;corpus_split//290_o-l-a_1840_utf8.txt
Ободовский, П.Г.;Ты не плачь не тоскуй;Памятник отеч.муз 1827. С. 197-198;1827;Русская песня;NA;Ан2м;unreg (цезурн наращение? Х4мжм);rhymed;core;corpus_split//291_obodovsky_1827_utf8.txt
Ободовский, П.Г.;Не плачь не плачь красавица;Вперв. Невск. Альманах на 1830 г. СПб., 1829;1829;Песня;NA;Я3дм;reg;rhymed;core;corpus_split//292_obodovsky_1829_utf8.txt
Ободовский, П.Г.;Что туман клубится облаком;Карманная книжка для любителей русской старины и словесности. СПб., 1829 (ц.р. 18 марта 1829). С. 393-394;1829;Тверская песня;NA;Х4д;reg;unrhymed;core;corpus_split//293_obodovsky_1829_utf8.txt
Одоевский, А.И.;По дороге столбовой;Полное собрание стихотворений князя А.И. Одоевского. СПб., 1883. С. 87-88;1831;На приезд в сибирь к жениху (Э.П. Ивашевой);NA;Х4мд;reg;rhymed;core;corpus_split//295_odoevsky_1831_utf8.txt
Остолопов, Н.Ф.;Ах не лебедь ходит белая;Остолопов. Прежние досуги, М. 1816. С. 61-62;1802;Бедная дуня;NA;Х4д;reg;unrhymed;core;corpus_split//298_ostolopov_1802_utf8.txt
Остолопов, Н.Ф.;Не бушуйте ветры буйные;Остолопов. Прежние досуги, М. 1816. С. 75-76 (В. Полевых цветах на 1828 г. - С.245-246. типа украл А. Сергеев напечатал текст, внизу подписал Бурная полночь. 14 октября 1815 г.;1805;NA;NA;Х4д;reg;unrhymed;core;corpus_split//299_ostolopov_1805_utf8.txt
Остолопов, Н.Ф.;Солнце красное оставь ты небеса;Остолопов. Прежние досуги, М. 1816. С. 76-77 + Вестн. Европы. 1816.  Ч.89, N 19 20. С.207. + Любитель словесности.  1806. Ч.1,  N 3. С.269.;1806;NA;(На голос простонародной песни: Скучно, грустно мне в деревне жить одной);Х6м;reg;rhymed;core;corpus_split//300_ostolopov_1806_utf8.txt
П. Н. - въ.;Была пора когда цветы;Русский альманах на 1832 и 1833 годы. СПб., 1832;1832;Русская песня;NA;Я3д;reg;unrhymed;core;corpus_split//301_pnv_1832_utf8.txt
П.Я. (14.33);Кто со мной молодой;Цинтия на 1832. М., 1831. С. 86-87;1831;Песня;надо проверять ценз. Разрешение? Указан 7 февраля, 1830. Опечатка?;Х223ммж;reg;rhymed;core;corpus_split//302_pja_1831_utf8.txt
Панаев, В.И.;Не спеши моя красавица постой;Поэты 1820-1830-х гг. Л., 1972. Т.1.С. 197 (Памятн. Отеч. Муз на 1827 г., с. 14) Рус. Инвалид. Лит прибавл. 1835 № 5, 16 янв. С. 39;1827;NA;NA;Х6м;reg;rhymed;core;corpus_split//304_panaev_1827_utf8.txt
Панаев, В.И.;Скажи мне, родимая;Поэты 1820-1830-х гг. Л., 1972. Т.1.С. 197-198 (Невский альманах на 1827. СПб., 1826. С. 98-99. Ценз. Разр. Октября 27);1826;Мать и дочь (опыт русской идиллии);NA;Аф2д;reg;unrhymed;core;corpus_split//305_panaev_1826_utf8.txt
Пельский, Д.;Радость дней моих;БдЧ. 1838, т. 29.Стихотв. С. 53-54;1838;Три русские песни (Ниркомский + Д. Пельский);NA;Пс;reg;unrhymed;core;corpus_split//306_pelskiy_1838_utf8.txt
Переведенцев, М.;Эй вы соколики;Литературная газета 1848. № 32, 12 августа. С. 503;1848;Песня русского ямщика на чужбине;NA;Д23дм;reg;rhymed;core;corpus_split//307_perevedencev_1838_utf8.txt
Петров, И.;Березонька ль кудрявая;Лит.прибав. Рус. Инвалид. 1832, № 48. С. 383 + Утреняя звезда. М., 1834. кн. 1. С. 162-163 с названием Заветное кольцо. Русская песня;1832;Русская песня (Красноярск);NA;Я3д;reg;occ;core;corpus_split//308_petrov_1832_utf8.txt
Подолинский, А.И.;Что в сыром бору от солнышка;Подолинский. Сочинения. Т.1. 1860. С.278-279;1837;Русская песня;NA;Х4д;unreg;unrhymed;core;corpus_split//309_podolinsky_1837_utf8.txt
Полежаев, А.И.;У меня ль молодца;NA;1832;NA;NA;Х3м;reg;rhymed;core;corpus_split//310_polezhaev_1832_utf8.txt
Полежаев, А.И.;Там на небе высоко;NA;1832;NA;NA;Х4м;reg;rhymed;core;corpus_split//311_polezhaev_1832_utf8.txt
Полежаев, А.И.;Мне наскучило девице;NA;1835;NA;NA;Х4жжм;unreg;rhymed;core;corpus_split//312_polezhaev_1835_utf8.txt
Полежаев, А.И.;Разлюби мне покинь меня;NA;1836;NA;NA;Х4д;reg;rhymed;core;corpus_split//313_polezhaev_1836_utf8.txt
Полежаев, А.И.;Долго ль будет вам без умолку идти;NA;1836;NA;NA;Х6м + Х4м;unreg;rhymed;core;corpus_split//314_polezhaev_1836_utf8.txt
Политковский, Г.Г.;Понесися по поднебесью;СО, 1813, № 52, с. 293-294;1813;Песня петерубргских жителей на отъезд Царицы-Матушки к Царю-Батюшке. Декабря 19 дня 1813;NA;Пс2 + Х4д;unreg;unrhymed;core;corpus_split//315_politkovsky_1813_utf8.txt
Пороховой, А.;Отворю окно посмотрю я в даль;Литературная газета 1843. № 40, 10 окт. С. 717;1843;Две русские песни;NA;Пс;reg;unrhymed;core;corpus_split//316_porohovoy_1843_utf8.txt
Почтенная дама;Ты спокойся сердце бедное;Амфион. - 1815. - Книжка 6. - С.112-115.;1815;Песня;присылкою сих стихов удостоила нас неизвестная почтенная дама;Х4д;reg;unrhymed;core;corpus_split//317_pochtennaya.dama_1815_utf8.txt
Пуговишников, А.М.;Красна девица печальна и бледна;Пуговишников М., 1838. Романсы, песни и стихотворения;1838;Русская песня;NA;Х6м;reg;rhymed;core;corpus_split//318_pugovishnikov_1838_utf8.txt
Пуговишников, А.М.;Что же делать? Житье горько;Пуговишников М., 1838. Романсы, песни и стихотворения;1838;Русская песня;NA;Х43ж;reg;rhymed;core;corpus_split//319_pugovishnikov_1838_utf8.txt
Пуговишников, А.М.;А с чего же мне теперь;Пуговишников М., 1838. Романсы, песни и стихотворения;1838;Русская песня (национальная, веселая);NA;Х43мж;unreg (перебои, неурег.клаузула);unrhymed;core;corpus_split//320_pugovishnikov_1838_utf8.txt
Пуговишников, А.М.;Вот теперь-то я молодчик;Пуговишников М., 1838. Романсы, песни и стихотворения;1838;Русская элегия;(ОРЛОВ? См. Простонар. Песни 1832);Х43ж;unreg (перебои);unrhymed;core;corpus_split//321_pugovishnikov_1838_utf8.txt
Пуговишников, А.М.;Ветер, резкий ветерок;Пуговишников М., 1838. Романсы, песни и стихотворения;1838;Русская песня;NA;Х43ж;unreg;occ;core;corpus_split//322_pugovishnikov_1838_utf8.txt
Пуговишников, А.М.;Добрый молодец я в поле;Пуговишников М., 1838. Романсы, песни и стихотворения;1838;Русская песня;NA;Х4жм;reg;rhymed;core;corpus_split//323_pugovishnikov_1838_utf8.txt
Пуговишников, А.М.;Течет речка, речка быстрая;Пуговишников М., 1838. Романсы, песни и стихотворения;1838;Русская песня;NA;Х4д;reg;occ;core;corpus_split//324_pugovishnikov_1838_utf8.txt
Пуговишников, А.М.;Сердцу милый, друг любезный;Пуговишников М., 1838. Романсы, песни и стихотворения;1838;Русская песня;NA;Х43ж;reg;rhymed;core;corpus_split//325_pugovishnikov_1838_utf8.txt
Пуговишников, А.М.;Судьба гонит горемыку;Феномен. Альманах. М., 1832. С. 17-19;1832;Русская песня;NA;Х43ж;reg;rhymed;core;corpus_split//326_pugovishnikov_1832_utf8.txt
Пуговишников, А.М.;Во поле мятель;Феномен. Альманах. М., 1832. С. 20-23;1832;Русская песня;NA;Аф2мж;unreg (перебои,пер.анакруса, Тактовик-2?);unrhymed;core;corpus_split//327_pugovishnikov_1832_utf8.txt
Пушкин;Девицы красавицы;NA;1824;NA;NA;Х3д;reg;unrhymed;core;corpus_split//328_pushkin_1824_utf8.txt
Размахнин, П.Е.;Дуня дуня друг сердечный;Заволжский муравей. 1832, Казань. № 2. С. 81-82.;1832;Русская песня;Пермь.;Х4жм;reg;rhymed;core;corpus_split//329_razmahnin_1832_utf8.txt
Римский-Корсаков, А.Я.;Я пойду косить;Подснежник на 1829 г., с. 186.;1829;Песня;NA;Пс;reg;unrhymed;core;corpus_split//331_rimskykorsakov_1829_utf8.txt
Розен, Е.Ф.;Ягодка ль спелая;Поэты 1820-1830-х гг. Л., 1972. Т.1.С. 570-571 + Альциона, СПб., 1832. с. 43;1831;Песня;NA;Д24дж;reg;rhymed;core;corpus_split//332_rozen_1832_utf8.txt
Ростопчина, Е.П.;Дайте крылья мне перелетные;Утренняя заря. СПб., 1840;1831;Простонародные песни (в сб 1841) + Опыты простонародных мелодий (утр. Заря);NA;Пс2;reg;unrhymed;core;corpus_split//333_rostopchina_1831_utf8.txt
Ростопчина, Е.П.;Тучи черные сбираются;Утренняя заря. СПб., 1840;1831;Простонародные песни (в сб 1841) + Опыты простонародных мелодий (утр. Заря);NA;Пс2;reg;rhymed;core;corpus_split//334_rostopchina_1831_utf8.txt
Ростопчина, Е.П.;Темно-русые кудри милого;Утренняя заря. СПб., 1840;1831;Простонародные песни (в сб 1841) + Опыты простонародных мелодий (утр. Заря);NA;Пс2;reg;rhymed;core;corpus_split//335_rostopchina_1831_utf8.txt
Рябинин, П.;Затмись месяц, затмись полный ты сей час;Северные семена на 1831 год. М., 1831. С. 39-40;1831;Русская песня;NA;Х6м;reg;rhymed;core;corpus_split//336_ryabinin_1831_utf8.txt
Рябинин, П.;На раките воробей;Северные семена на 1831 год. М., 1831. С. 97-98;1831;Русская песня;NA;Х4мж;reg;rhymed;core;corpus_split//337_ryabinin_1831_utf8.txt
Свиньин, П.П.;Река быстрая серебристая;СО, 1834, т.42. с. 555-557;1834;Закамская песня;Закамская эта песня существует между простым народом, но не в том облагороженном виде, в каком она здесь является. Она извлечена из нового романа П.П.Свиньина - Ермак, который в непродолжительном времени поступит в печать;Пс;reg;occ;core;corpus_split//338_svinin_1834_utf8.txt
Серебрянский, А.;Гори гори лучинушка;Серебрянский. Дни нашей жизни. Воронеж, 2001. С. 19-20;1838;К лучине (русская песня);NA;Я3дм + Х3м;unreg;unrhymed;core;corpus_split//340_serebryansky_1838_utf8.txt
Слепушкин;Гори гори лучинушка;NA;1828;NA;NA;Я3д + Аф2ж;reg;rhymed;core;corpus_split//341_slepushkin_1828_utf8.txt
Смирнов, П.;Ах! Судьба ль моя несчастная;Литературный кабинет. М., 1842 Ч. 2. С. 69;1842;Посв. А.П. Славину;NA;Х4д;reg;unrhymed;core;corpus_split//342_smirnov_1842_utf8.txt
Смирнов, П.;Не дивитесь, люди добрые;Литературный кабинет. М., 1842 Ч. 2. С. 70-71;1842;Посв. А.П. Славину;NA;Х4д;unreg (цез.наращение, Пс);unrhymed;core;corpus_split//343_smirnov_1842_utf8.txt
Смирнов, Ф.;Не павлин плывет;Вестник Европы. 1822. № 7. С. 218-220;1822;Песня;см. Л.Вл.;Пс;reg;unrhymed;core;corpus_split//344_smirnov.f_1822_utf8.txt
Соколовский, В.;Мой замочек витой мой замочек витой;Литературная газета 1843. № 5. С. 93;1843;Две русские песни;NA;Ан42м;reg;rhymed;core;corpus_split//345_sokolovsky_1843_utf8.txt
Соколовский, В.;Ах ты пеночка пенка моя;Литературная газета 1843. № 5. С. 93;1843;Две русские песни;NA;Ан34мж;reg;rhymed;core;corpus_split//346_sokolovsky_1843_utf8.txt
Соловьев, С.П.?;Ты не плачь, не тоскуй;Лит. Каб. 1842 Ч. 2. С. 45;1842;Русские песни;NA;Ан2м + Х3ж;reg;rhymed;core;corpus_split//347_solovjev_1842_utf8.txt
Соловьев, С.П.?;Ах, ты ночь ли моя;Литературный кабинет. М., 1842 Ч. 2. С. 46;1842;Русские песни;NA;Пс;unreg (гипердакт);unrhymed;core;corpus_split//348_solovjev_1842_utf8.txt
Соловьев, Ф.;Ненаглядная бессравненная;Зимцерла. М., 1829. С. 89-92 (цен.разр. Марта 8);1829;Русская песня;NA;Пс;reg;unrhymed;core;corpus_split//349_solovjev.f_1829_utf8.txt
Сомов, О.;Полно, сердце! Успокойся на часок;Поэты 1820-1830-х гг. Л., 1972. Т.1.С. 219-220;1821;Песенка, УД;NA;Х6м;reg;rhymed;core;corpus_split//350_somov_1821_utf8.txt
Срезневский, И.И.;Дуют ветры, дуют буйно, и деревья гнутся;Галатея, 1838, ч. 6., с. 323-324;1838;Песня Наталки Полтавки;NA;Х7ж (Х4 + Х3);reg (сверхсхемные);rhymed;core;corpus_split//351_sreznevskiy_1838_utf8.txt
Степанов, С. (Саратов);Где ты где ты друг мой милой;Календарь муз на 1826 г. СПб., 1826. Стихи. С. 159-160;1826;Песня;NA;Х43ж;reg;occ;core;corpus_split//352_stepanov_1826_utf8.txt
Стромилов, С.Н.;То не ветер ветку клонит;NA;1840;NA;NA;Х4жм;reg;rhymed;core;corpus_split//353_stromilov_1840_utf8.txt
Стромилов, С.Н.;Собрались мы к боярину;NA;1846;NA;NA;Ан2д;reg;rhymed;core;corpus_split//354_stromilov_1846_utf8.txt
Стромилов, С.Н.;Ветер, ветер одинокий!;Московский наблюдатель 1837. Ч.13, № 9;1837;Песня (написано в альбом гр. Ив. Комынина);NA;Х4жм;reg;rhymed;core;corpus_split//355_stromilov_1837_utf8.txt
Суханов, М.Д.;Красна девица сидела под окном;Памятник отеч.музам. СПб., 1827. Стихи. 138-139;1828;NA;NA;Х6м;reg;rhymed;core;corpus_split//356_suhanov_1828_utf8.txt
Суханов, М.Д.;Что ты девица невесело сидишь;NA;1828;NA;NA;Х6м;reg;rhymed;core;corpus_split//357_suhanov_1828_utf8.txt
Суханов, М.Д.;Нет полно девице грустить;СО.1830. Т. 12. №22. С. 249;1828;NA;NA;Я43м;reg;rhymed;core;corpus_split//358_suhanov_1828_utf8.txt
Суханов, М.Д.;В последний раз я говорила;Лит.прибав. Рус. Инвалид. 1835, № 33, апрель 24, С. 264;1835;Русская песня;NA;Я43жм;reg;rhymed;core;corpus_split//359_suhanov_1835_utf8.txt
Суханов, М.Д.;Частой рощицей, весенниим вечерком;Славянин. 1827. Ч. 1. № 13. С. 272-273;1827;Русская песня;NA;Х6м;reg;rhymed;core;corpus_split//360_suhanov_1827_utf8.txt
Суханов, М.Д.;Не крушися красна девица;Славянин, 1828, ч.6, № 21, с. 313-314;1828;Русская песня;NA;Х4дм;unreg;unrhymed;core;corpus_split//361_suhanov_1828_utf8.txt
Суханов, М.Д.;Сидела Аннушка в светлице;Славянин, 1828, ч.6, № 23, с. 397-398;1828;Русская песня;NA;Я43жм;reg;rhymed;core;corpus_split//362_suhanov_1828_utf8.txt
Тимофеев, А.В.;Ах вы ветры ветры буйные;Поэты 1820-1830-х гг. Л., 1972. Т.2. С.594-595;1833;NA;NA;Х4д;reg;unrhymed;core;corpus_split//364_timofeev_1833_utf8.txt
Тимофеев, А.В.;Оседлаю коня коня быстрого;Поэты 1820-1830-х гг. Л., 1972. Т.2. С.642-643;1838;Тоска;NA;Ан3д;reg;unrhymed;core;corpus_split//365_timofeev_1838_utf8.txt
Тимофеев, А.В.;Борода ль моя бородушка;Поэты 1820-1830-х гг. Л., 1972. Т.2. С.643-644;1843;NA;NA;Х4д;reg;unrhymed;core;corpus_split//366_timofeev_1843_utf8.txt
Тимофеев, А.В.;Не женись на умнице;Поэты 1820-1830-х гг. Л., 1972. Т.2. С.642;1837;Выбор жены. Русская песня;NA;Х3дм;reg;rhymed;core;corpus_split//367_timofeev_1837_utf8.txt
Тимофеев, А.В.;Соловей ты наш соловушко;NA;1835;NA;NA;Х4д;reg;unrhymed;core;corpus_split//368_timofeev_1835_utf8.txt
Тимофеев, А.В.;Не судите люди люди добрые;Песни Т.м.ф.в.а. СПб., 1835. С. 49-50;1833;NA;NA;Х4д;unreg;unrhymed;core;corpus_split//369_timofeev_1833_utf8.txt
Тимофеев, А.В.;Нас венчали не в церкви;Песни Т.м.ф.в.а. СПб., 1835. С. 55-57;1835;Свадьба;NA;Аф2м;unreg(полиметрические вставки Ан2м);rhymed;core;corpus_split//370_timofeev_1835_utf8.txt
Тимофеев, А.В.;Что все рвется ноешь бедное;Песни Т.м.ф.в.а. СПб., 1835. С. 101-102;1835;Сердце (Е.И.И-вой);NA;Х4д;reg;unrhymed;core;corpus_split//371_timofeev_1835_utf8.txt
Титов;Ах ты, матушка, земля русская;БдЧ. 1839, т.35. Стихотворения. С. 20-22;1839;Ярославская песня;NA;Пс2;unreg;unrhymed;core;corpus_split//373_titov_1839_utf8.txt
Траум;Заведи мне, пташечка;БдЧ. 1839, т. 34. Стихотв. С. 16.;1839;Русская песня;NA;Х3дм;reg;unrhymed;core;corpus_split//374_traum_1839_utf8.txt
Трилунный, Д.Ю.;Видел я две звездочки;ЛГ 1831 № 24;1831;NA;NA;Х3д;reg;unrhymed;core;corpus_split//375_trilunniy_1831_utf8.txt
Трилунный, Д.Ю.;О чем горюешь девица;Лит.прибав. Рус. Инвалид. 1832, № 49. С. 390;1832;Песня;NA;Я3дж;reg;rhymed;core;corpus_split//376_trilunniy_1832_utf8.txt
Трилунный, Д.Ю.;Волны стонут, ветер воет;Лит.прибав. Рус. Инвалид. 1832, № 54. С. 430;1832;Песня;NA;Х43ж;reg;rhymed;core;corpus_split//377_trilunniy_1832_utf8.txt
Туманский, В.;Легкий вешний ветерок;М8, 1829, № 2. С. 151;1825;NA;NA;Х4м;reg;rhymed;core;corpus_split//378_tumanskiy_1825_utf8.txt
Ф.И.;Вейся вейся желтый хмель;Московский Телеграф, 1826, Ч. 11, отд.2, с. 7;1826;Русская песня;NA;Х43мж;reg;unrhymed;core;corpus_split//379_fi_1826_utf8.txt
Федоров, Б.М.;Что мне нужды;Невский альманах на 1825 г. СПб., 1825. С. 123-124;1825;Сельская любовь;NA;Х24жм;unreg;unrhymed;core;corpus_split//380_fedorov_1825_utf8.txt
Федоров, Б.М.;Что ты рано моя пташечка;СО, 1829, т.6.  ч.128, с. 177;1829;Сельская песня;NA;Х6ж;unreg (Х4дж + Х2, Я1д);occ;core;corpus_split//381_fedorov_1829_utf8.txt
Филимонов, В.С.;Вечор был я в Лизаветином дворе;NA;1810;Песня;на голос: вечор был я на почтовом на дворе;Х6м;reg;rhymed;core;corpus_split//382_filimonov_1810_utf8.txt
Филимонов, В.С.;Разлучились мы голубушка с тобой;NA;1810;Песня;NA;Х6м;reg;rhymed;core;corpus_split//383_filimonov_1810_utf8.txt
Хомяков, А.С;Гой красна земля Володимира;NA;1830;Русская песня;NA;Пс2;reg;unrhymed;core;corpus_split//384_homyakov_1830_utf8.txt
Хотяинцов, П.;Дружно, братцы! В круговую!;Лит.прибав. Рус. Инвалид. 1835, № 47, июнь 12, С. 375;1835;Солдатская песня;на голос: за горами, за долами;Х42жжм;reg;reg;core;corpus_split//386_hotyaincev_1835_utf8.txt
Цыганов, Н.Г.;Не сиди мой друг, поздно вечером;NA;1828;NA;NA;Пс + Пс2;unreg;unrhymed;core;corpus_split//387_cyganov_1828_utf8.txt
Цыганов, Н.Г.;Ах спасибо же тебе;NA;1832;NA;NA;Х4жм;unreg;rhymed;core;corpus_split//388_cyganov_1832_utf8.txt
Цыганов, Н.Г.;Что ты рано травушка;NA;1830;NA;Рус. Инвалид. Лит. Приб. 1833, № 31, апрель 19 - под подписью N.N. С разночтениями;Х32дж;unreg;rhymed;core;corpus_split//389_cyganov_1830_utf8.txt
Цыганов, Н.Г.;Не сокол летит по поднебесью;NA;1830;NA;Рус. Инвалид. Лит. Приб. 1833, № 15, февраля 25 - под подписью N.N.;Пс2;unreg;unrhymed;core;corpus_split//390_cyganov_1830_utf8.txt
Цыганов, Н.Г.;Не кукушечка во сыром бору;NA;1832;NA;NA;Пс2 + Ан1ж;reg;rhymed;core;corpus_split//391_cyganov_1832_utf8.txt
Цыганов, Н.Г.;Рассудите мне люди добрые;NA;1832;NA;NA;Пс;reg;unrhymed;core;corpus_split//392_cyganov_1832_utf8.txt
Цыганов, Н.Г.;Что ты соловушко;NA;1832;NA;NA;Х3дм;reg;rhymed;core;corpus_split//393_cyganov_1832_utf8.txt
Цыганов, Н.Г.;Ох болит да щемит;NA;1832;NA;NA;Ан1м + Х3ж;reg;rhymed;core;corpus_split//394_cyganov_1832_utf8.txt
Цыганов, Н.Г.;Не шей ты мне матушка;NA;1832;NA;NA;Х3дм;unreg (перебои, Аф2д);rhymed;core;corpus_split//395_cyganov_1832_utf8.txt
Цыганов, Н.Г.;Что это за сердце;NA;1832;NA;NA;Х3ж;unreg (перебои, сверхсхемные);rhymed;core;corpus_split//396_cyganov_1832_utf8.txt
Цыганов, Н.Г.;Смолкни, пташка-канарейка;NA;1832;NA;NA;Х4жм;reg;rhymed;core;corpus_split//397_cyganov_1832_utf8.txt
Цыганов, Н.Г.;Красен в полях, цветен в лугах;NA;1832;NA;NA;Я3д;unreg (перебои);occ;core;corpus_split//398_cyganov_1832_utf8.txt
Цыганов, Н.Г.;Жавороночек на проталинке;NA;1832;NA;NA;Пс + Ан1ж;reg;rhymed;core;corpus_split//399_cyganov_1832_utf8.txt
Цыганов, Н.Г.;Что это за пташечка;NA;1832;NA;NA;Я3д +Аф2д;unreg (перебои);rhymed;core;corpus_split//400_cyganov_1832_utf8.txt
Цыганов, Н.Г.;Не туманами не мглой;NA;1832;NA;NA;Х43мж;reg;rhymed;core;corpus_split//401_cyganov_1832_utf8.txt
Цыганов, Н.Г.;Ах ты время времечко;NA;1832;NA;NA;Х32дж;reg;rhymed;core;corpus_split//402_cyganov_1832_utf8.txt
Цыганов, Н.Г.;Ты подуй подуй;NA;1832;NA;NA;Пс + Ан1ж;reg;rhymed;core;corpus_split//403_cyganov_1832_utf8.txt
Цыганов, Н.Г.;Без поры да без времени;NA;1832;NA;NA;Ан2д;unreg (тактовик в рефрене);rhymed;core;corpus_split//404_cyganov_1832_utf8.txt
Цыганов, Н.Г.;По полю полю чистому;NA;1832;NA;NA;Я3дм;reg;rhymed;core;corpus_split//405_cyganov_1832_utf8.txt
Цыганов, Н.Г.;Я посею молоденька;NA;1832;NA;NA;Х43ж;unreg (перебои);rhymed;core;corpus_split//406_cyganov_1832_utf8.txt
Цыганов, Н.Г.;Рано рано вы лазоревы цветы;NA;1832;NA;NA;Х6м;reg;rhymed;core;corpus_split//407_cyganov_1832_utf8.txt
Цыганов, Н.Г.;Ах не пташечка;NA;1832;NA;NA;Пс + (Пс + Ан2ж);unreg;occ;core;corpus_split//408_cyganov_1832_utf8.txt
Цыганов, Н.Г.;Ах чарка моя;NA;1832;NA;NA;Аф2мж;unreg (гипердакт);rhymed;core;corpus_split//409_cyganov_1832_utf8.txt
Цыганов, Н.Г.;Лежит в поле дороженька;NA;1832;NA;NA;Я3д + Ан1ж;unreg;rhymed;core;corpus_split//410_cyganov_1832_utf8.txt
Цыганов, Н.Г.;При долинушке береза;NA;1832;NA;NA;Х43ж;unreg;rhymed;core;corpus_split//411_cyganov_1832_utf8.txt
Цыганов, Н.Г.;Брезжит месяц молодой;NA;1832;NA;NA;Х4мж;reg;rhymed;core;corpus_split//412_cyganov_1832_utf8.txt
Цыганов, Н.Г.;Ахти беда-неволюшка;NA;1832;NA;NA;Я3д;reg;rhymed;core;corpus_split//413_cyganov_1832_utf8.txt
Цыганов, Н.Г.;Ах не звездочка сияет;NA;1832;NA;NA;Х4жм;reg;rhymed;core;corpus_split//414_cyganov_1832_utf8.txt
Цыганов, Н.Г.;Полетай соловьюшко;NA;1832;NA;NA;Ан2д;unreg (хореич);occ;core;corpus_split//415_cyganov_1832_utf8.txt
Цыганов, Н.Г.;Ах об чем ты Машенька;NA;1832;NA;NA;Х4жм;reg;rhymed;core;corpus_split//416_cyganov_1832_utf8.txt
Цыганов, Н.Г.;Перелетная пичужечка;NA;1832;NA;NA;Х4д;reg;rhymed;core;corpus_split//417_cyganov_1832_utf8.txt
Цыганов, Н.Г.;Ах ты ночка моя ноченька;NA;1832;NA;NA;Х4д;unreg;occ;core;corpus_split//418_cyganov_1832_utf8.txt
Цыганов, Н.Г.;Течет речка по песочку;NA;1832;NA;NA;Х43ж;unreg (перебои);rhymed;core;corpus_split//419_cyganov_1832_utf8.txt
Цыганов, Н.Г.;Ночь осенняя хоть глаза коли темна;NA;1832;NA;NA;Х6м;unreg (нарушения в зачине, перебои);rhymed;core;corpus_split//420_cyganov_1832_utf8.txt
Цыганов, Н.Г.;Ах ты рощица;NA;1832;NA;NA;Пс;reg;occ;core;corpus_split//421_cyganov_1832_utf8.txt
Цыганов, Н.Г.;Каркнул ворон на березе;NA;1832;NA;NA;Х5жм;reg;rhymed;core;corpus_split//422_cyganov_1832_utf8.txt
Цыганов, Н.Г.;У соловушки одна песенка;NA;1832;NA;NA;Пс2;unreg;occ;core;corpus_split//423_cyganov_1832_utf8.txt
Цыганов, Н.Г.;Сизокрылый голубочек;NA;1832;Русская элегия;NA;Х4жм;reg;occ;core;corpus_split//424_cyganov_1832_utf8.txt
Цыганов, Н.Г.;Хороша ты красна девушка;NA;1832;NA;NA;Х4д;unreg (перебои в дольник);occ;core;corpus_split//425_cyganov_1832_utf8.txt
Цыганов, Н.Г.;Ах молодость молодость;Эхо, лит. Альманах. 1830, М.;1830;NA;NA;Аф2д;unreg (перебои, пер. анакруса);occ;core;corpus_split//426_cyganov_1830_utf8.txt
Цыганов, Н.Г.;Соловей мой соловеюшко;NA;1832;NA;NA;Х4д;reg;occ;core;corpus_split//427_cyganov_1832_utf8.txt
Цыганов, Н.Г.;Молви Любушка голубушка моя;NA;1832;NA;NA;Х6м;reg;rhymed;core;corpus_split//428_cyganov_1832_utf8.txt
Цыганов, Н.Г.;Не цветочком отцвела;NA;1832;NA;NA;Х4ммжм;reg;rhymed;core;corpus_split//429_cyganov_1832_utf8.txt
Цыганов, Н.Г.;Как за реченькой слободушка стоит;NA;1832;NA;NA;Х6м;reg;rhymed;core;corpus_split//430_cyganov_1832_utf8.txt
Цыганов, Н.Г. ???;Молодая молодка;Литературная газета 1840 , 31 августа, № 70 С. 1582;1840;Русская песня;NA;Ан2ж + Аф2м;reg;rhymed;core;corpus_split//431_psevdocyganov_1840_utf8.txt
Чижов, П.;В путь далекий, в путь унылый;Лит.прибав. Рус. Инвалид. 1833, № 37май 10, С. 295;1833;Разлука;NA;Х4жм;reg;rhymed;core;corpus_split//432_chizhov_1833_utf8.txt
Шаликов, П.И.;Нынче был я на почтовом на дворе;NA;1801;NA;NA;Х6м;reg;unrhymed;core;corpus_split//433_shalikov_1801_utf8.txt
Шаховской;Не стружок на водах;из Сокол князя Ярослава Тверского;1823;NA;NA;Ан2м + Х3ж;reg;rhymed;core;corpus_split//434_shahovskoi_1823_utf8.txt
Шаховской;Ах всходи ты солнце красное;из Сокол князя Ярослава Тверского;1823;NA;NA;Х4д + Пс2;unreg;rhymed;core;corpus_split//435_shahovskoi_1823_utf8.txt
Шаховской;Скучно, скучно за всегда мне быть одной;из Крестьяне или встреча незваных;1815;NA;на голос: скучно, матушка;Х6м;reg;rhymed;core;corpus_split//436_shahovskoi_1815_utf8.txt
Шаховской;Я и рада бы не плакала млада;из Крестьяне или встреча незваных;1815;NA;NA;Х6м;reg;rhymed;core;corpus_split//437_shahovskoi_1815_utf8.txt
Шаховской;Не сокол в небесах;из Крестьяне или встреча незваных;1815;NA;поет на голос: во донских во лесках;Ан2м + Х3ж;reg;rhymed;core;corpus_split//438_shahovskoi_1815_utf8.txt
Шаховской;Вверх по Волге с Нижня города;Двумужница;1832;NA;NA;Пс2;unreg;occ;core;corpus_split//439_shahovskoi_1832_utf8.txt
Шаховской;Под кустиком под ракитовым;двумужница, 1836 с. 172;1832;NA;NA;Пс2 + Х6м;unreg unreg;unrhymed;core;corpus_split//440_shahovskoi_1832_utf8.txt
Шаховской;Не знавал я рода племени;двумужница, 1836 с. 173-174 + Комета Белы. СПб., 1832.;1832;Песня атамана Башлыка;NA;Пс2 + Х4д;unreg unreg;unrhymed;core;corpus_split//441_shahovskoi_1832_utf8.txt
Шевырев, С.П.;Атаман честной мой отец родной;Поэты 1820-1830-х гг. Л., 1972. Т.2. С. 160-162;1827;Русская разбойничья песня;NA;Гм;unreg;rhymed;core;corpus_split//442_shevyriov_1827_utf8.txt
Шевырев, С.П.;Не невеста с женихом;MB, 1827, ч. 5, с. 242. (под подп. Пушкин - в Эвтерпа 1837 г.);1827;Супруги (военная песня)?;NA;Х43мж;reg;rhymed;core;corpus_split//443_shevyriov_1827_utf8.txt
Штейнберг, Д.;Что ты девица что ты красная;Зимцерла. М., 1829. C.26-28 (цен.разр. Марта 8);1829;Русская песня;NA;Пс;reg;unrhymed;core;corpus_split//444_steinberg_1829_utf8.txt
Ю.;Темно в поле, вьюга воет;СО, 1834, т. 42, № 16, с.557;1834;Песня;на мелодию? Слишком жесткая структура строфы;Х43жм + Я2м в рефр;reg;rhymed;core;corpus_split//445_yu_1834_utf8.txt
Яковлев, М.Л.;Солнце красное взошло на небеса;Памятник отеч.муз на 1828 г., с .148-149;1828;NA;NA;Х6м;reg;rhymed;core;corpus_split//447_yakovlev_1828_utf8.txt
Якубович, Л.А.;Над Дунаем над рекою;Поэты 1820-1830-х гг. Л., 1972. Т.2. С. 266-267;1832;Заветные слова;NA;Х4жм;reg;rhymed;core;corpus_split//448_yakubovic_1832_utf8.txt
